Index,Trajectories,Messages,Questions,TPM (avg.),TPM (var.)
01,500,4215,500,15.47876631079478,11.578355984492518
02,500,4195,500,15.494636471990464,11.852436262998562
03,492,3144,492,14.662531806615776,2.133352187129882
04,462,5536,462,14.65046965317919,4.203302161025607
05,500,4438,500,17.06692203695358,12.625120742465603
06,500,4475,500,16.13564245810056,12.71853145863714
